{"epochs": 20, "actual_epochs": 20, "learning_rate": 1e-05, "batch_size": 32, "min_delta": 1e-08, "patience": 10, "time_taken": "3:40:41", "loss_history": [0.8419106602668762, 0.6040757298469543, 0.33021631836891174, 0.3231189250946045, 0.3195050358772278, 0.318868488073349, 0.31596651673316956, 0.31226667761802673, 0.3105175495147705, 0.3097635805606842, 0.3090677261352539, 0.3080607056617737, 0.30618929862976074, 0.30686575174331665, 0.30357611179351807, 0.30421602725982666, 0.2993059754371643, 0.3019947409629822, 0.2970507740974426, 0.29458653926849365], "dsc_history": [0.5402783155441284, 0.6764783263206482, 0.7167932987213135, 0.7296727299690247, 0.7363390326499939, 0.7355732321739197, 0.7416909337043762, 0.7502083778381348, 0.7532234191894531, 0.7562052011489868, 0.7552878856658936, 0.7578156590461731, 0.7602688074111938, 0.7585121393203735, 0.7670774459838867, 0.7649441957473755, 0.7757605314254761, 0.7681839466094971, 0.7823020815849304, 0.7874802947044373], "val_accuracy": 0.9954769611358643, "val_dice_score": 0.7776233553886414, "val_specificity": 0.9985018968582153, "val_sensitivity": 0.7269142270088196, "val_precision": 0.8466465473175049, "val_mae": 0.00451322365552187, "segmentation_ratio": null, "mode": "image"}