{"epochs": 20, "actual_epochs": 20, "learning_rate": 1e-05, "batch_size": 32, "min_delta": 1e-08, "patience": 10, "time_taken": "6:14:49", "loss_history": [1.0955984592437744, 1.0000251531600952, 1.0000020265579224, 1.000000238418579, 1.0, 1.0, 1.0, 1.0, 1.0, 1.0, 1.0, 1.0, 1.0, 1.0, 1.0, 1.0, 1.0, 1.0, 1.0, 1.0], "dsc_history": [6.0289166867733e-05, 6.005284740240313e-05, 0.0, 6.005284740240313e-05, 6.005284740240313e-05, 6.005284740240313e-05, 6.005284740240313e-05, 6.005284740240313e-05, 0.00012010569480480626, 6.005284740240313e-05, 6.005284740240313e-05, 0.0, 6.005284740240313e-05, 6.005284740240313e-05, 0.0, 6.005284740240313e-05, 6.005284740240313e-05, 0.00012010569480480626, 6.005284740240313e-05, 0.0], "val_accuracy": 0.9887122511863708, "val_dice_score": 0.0022371364757418633, "val_specificity": 1.0, "val_sensitivity": 0.0022371364757418633, "val_precision": 1.0, "val_mae": 0.011263279244303703, "segmentation_ratio": null, "mode": "image"}