{"epochs": 20, "actual_epochs": 20, "learning_rate": 1e-05, "batch_size": 32, "min_delta": 1e-08, "patience": 10, "time_taken": "3:40:21", "loss_history": [0.48799559473991394, 0.22874483466148376, 0.2044139951467514, 0.18998907506465912, 0.17914865911006927, 0.17159754037857056, 0.16469652950763702, 0.1593865603208542, 0.1549428403377533, 0.15027235448360443, 0.1467440277338028, 0.14311455190181732, 0.14003559947013855, 0.13670969009399414, 0.13425850868225098, 0.1310659497976303, 0.12916405498981476, 0.12706993520259857, 0.12447459995746613, 0.12233521789312363], "dsc_history": [0.6196008920669556, 0.7396238446235657, 0.7707393169403076, 0.7896049618721008, 0.8034282922744751, 0.8131992816925049, 0.8216579556465149, 0.8275680541992188, 0.8335392475128174, 0.8383110165596008, 0.8432856798171997, 0.8468328714370728, 0.85016930103302, 0.8540521264076233, 0.8567517995834351, 0.8600359559059143, 0.862507164478302, 0.8641618490219116, 0.8671391606330872, 0.8693221807479858], "val_accuracy": 0.9970883131027222, "val_dice_score": 0.8641667366027832, "val_specificity": 0.9988207817077637, "val_sensitivity": 0.8425171375274658, "val_precision": 0.888599693775177, "val_mae": 0.002905379980802536, "segmentation_ratio": null, "mode": "image"}