{"epochs": 20, "actual_epochs": 20, "learning_rate": 1e-05, "batch_size": 32, "min_delta": 1e-08, "patience": 10, "time_taken": "3:47:11", "loss_history": [0.4809011220932007, 0.42293673753738403, 0.4029519557952881, 0.3914699852466583, 0.38392260670661926, 0.3785305619239807, 0.3743443191051483, 0.37110114097595215, 0.36829274892807007, 0.3659500479698181, 0.3639219403266907, 0.36219868063926697, 0.3605749309062958, 0.3592011034488678, 0.3578343093395233, 0.3566030263900757, 0.3555814027786255, 0.3545839786529541, 0.3536113202571869, 0.3527645766735077], "dsc_history": [0.6875225305557251, 0.8155437707901001, 0.849092960357666, 0.8670119047164917, 0.8778604865074158, 0.8854747414588928, 0.8911906480789185, 0.8954941034317017, 0.8992223739624023, 0.902367889881134, 0.9051914215087891, 0.9073419570922852, 0.909675121307373, 0.9114687442779541, 0.9132258892059326, 0.9147838354110718, 0.9162050485610962, 0.9173886775970459, 0.9188452959060669, 0.9199230670928955], "val_accuracy": 0.9979877471923828, "val_dice_score": 0.909010648727417, "val_specificity": 0.9988917112350464, "val_sensitivity": 0.9168168306350708, "val_precision": 0.9017224907875061, "val_mae": 0.0020078876987099648, "segmentation_ratio": null, "mode": "image"}