{"epochs": 20, "actual_epochs": 20, "learning_rate": 1e-05, "batch_size": 32, "min_delta": 1e-08, "patience": 10, "time_taken": "3:39:59", "loss_history": [0.7931418418884277, 0.7397491931915283, 0.7203044295310974, 0.70876145362854, 0.7008036971092224, 0.6949509382247925, 0.6903401613235474, 0.6866183280944824, 0.6833177804946899, 0.6805582642555237, 0.678175687789917, 0.6760880351066589, 0.6742664575576782, 0.672527551651001, 0.6709111928939819, 0.6695005893707275, 0.6681616306304932, 0.6669778823852539, 0.6657125353813171, 0.6646642088890076], "dsc_history": [0.6609193086624146, 0.7782808542251587, 0.8169445991516113, 0.8385717272758484, 0.8523595929145813, 0.8623248934745789, 0.8696616888046265, 0.8754234313964844, 0.880416989326477, 0.884473443031311, 0.8881181478500366, 0.8909682631492615, 0.8938271999359131, 0.896060049533844, 0.8982342481613159, 0.8999929428100586, 0.9019411206245422, 0.903316855430603, 0.9049478769302368, 0.9065903425216675], "val_accuracy": 0.9977099895477295, "val_dice_score": 0.8953769207000732, "val_specificity": 0.9987481832504272, "val_sensitivity": 0.9046852588653564, "val_precision": 0.88787442445755, "val_mae": 0.0022856849245727062, "segmentation_ratio": null, "mode": "image"}