{"epochs": 20, "actual_epochs": 20, "learning_rate": 1e-05, "batch_size": 32, "min_delta": 1e-08, "patience": 10, "time_taken": "3:39:51", "loss_history": [1.0, 1.0, 1.0, 0.9999992847442627, 0.9999970197677612, 1.0, 0.9999807476997375, 1.0, 1.0, 1.0, 1.0, 0.9999992847442627, 0.9999942183494568, 1.0, 0.9999951124191284, 1.0, 1.0, 1.0, 1.0, 1.0], "dsc_history": [0.0011936493683606386, 0.0012032793601974845, 0.0011996470857411623, 0.0012025119503960013, 0.03880152106285095, 0.07589012384414673, 0.07598749548196793, 0.0006579170585609972, 0.0003087785153184086, 0.00037552605499513447, 0.0011278856545686722, 0.003899999661371112, 0.08171357214450836, 0.1799251288175583, 0.17991071939468384, 0.00022174022160470486, 6.005284740240313e-05, 0.00012010569480480626, 6.005284740240313e-05, 0.0], "val_accuracy": 0.9887122511863708, "val_dice_score": 0.0022371364757418633, "val_specificity": 1.0, "val_sensitivity": 0.0022371364757418633, "val_precision": 1.0, "val_mae": 0.011263279244303703, "segmentation_ratio": null, "mode": "image"}