{"epochs": 20, "actual_epochs": 20, "learning_rate": 1e-05, "batch_size": 32, "min_delta": 1e-08, "patience": 10, "time_taken": "3:39:49", "loss_history": [0.019724275916814804, 0.011995942331850529, 0.009850721806287766, 0.008687714114785194, 0.007932651787996292, 0.007415283005684614, 0.007038343697786331, 0.006734385620802641, 0.006486172787845135, 0.006279218476265669, 0.006109668407589197, 0.005957893095910549, 0.005821598693728447, 0.005702790804207325, 0.005592773202806711, 0.005493681877851486, 0.005399779416620731, 0.0053199706599116325, 0.005240611266344786, 0.005168863106518984], "dsc_history": [0.6538984179496765, 0.8086346983909607, 0.8463900685310364, 0.8662295341491699, 0.8786754012107849, 0.8871713280677795, 0.8934252858161926, 0.8983445763587952, 0.9023281931877136, 0.9058025479316711, 0.9086754322052002, 0.9111264944076538, 0.9134607315063477, 0.9154835343360901, 0.9172554016113281, 0.9188817143440247, 0.9205114841461182, 0.9216830730438232, 0.9231618046760559, 0.9243978261947632], "val_accuracy": 0.998099148273468, "val_dice_score": 0.9108887910842896, "val_specificity": 0.9993177056312561, "val_sensitivity": 0.8879313468933105, "val_precision": 0.9355766177177429, "val_mae": 0.0018967457581311464, "segmentation_ratio": null, "mode": "image"}