{"epochs": 20, "actual_epochs": 20, "learning_rate": 1e-05, "batch_size": 32, "min_delta": 1e-08, "patience": 10, "time_taken": "3:39:56", "loss_history": [1.0243879556655884, NaN, NaN, NaN, NaN, NaN, NaN, NaN, NaN, NaN, NaN, NaN, NaN, NaN, NaN, NaN, NaN, NaN, NaN, NaN], "dsc_history": [0.6797374486923218, 0.7559781670570374, 0.0, 6.005284740240313e-05, 6.005284740240313e-05, 6.005284740240313e-05, 6.005284740240313e-05, 6.005284740240313e-05, 0.00012010569480480626, 6.005284740240313e-05, 6.005284740240313e-05, 0.0, 6.005284740240313e-05, 6.005284740240313e-05, 0.0, 6.005284740240313e-05, 6.005284740240313e-05, 0.00012010569480480626, 6.005284740240313e-05, 0.0], "val_accuracy": 0.9887122511863708, "val_dice_score": 0.0022371364757418633, "val_specificity": 1.0, "val_sensitivity": 0.0022371364757418633, "val_precision": 1.0, "val_mae": 0.011263279244303703, "segmentation_ratio": null, "mode": "image"}