{"epochs": 20, "actual_epochs": 20, "learning_rate": 1e-05, "batch_size": 32, "min_delta": 1e-08, "patience": 10, "time_taken": "3:39:54", "loss_history": [0.7478207349777222, 0.7105540037155151, 0.6973905563354492, 0.6892639398574829, 0.6833842992782593, 0.6790703535079956, 0.6754283905029297, 0.672340989112854, 0.6699584722518921, 0.6675153970718384, 0.6656857132911682, 0.6638450026512146, 0.6622840166091919, 0.6607922911643982, 0.6593613028526306, 0.6582868099212646, 0.6570727825164795, 0.6559014320373535, 0.6549398303031921, 0.6540700793266296], "dsc_history": [0.5151365995407104, 0.6403385400772095, 0.6843495965003967, 0.7134076356887817, 0.7337955236434937, 0.7480971813201904, 0.7594602704048157, 0.7700170278549194, 0.7785567045211792, 0.784534752368927, 0.7899332046508789, 0.7939901351928711, 0.801123321056366, 0.8049778342247009, 0.8096244931221008, 0.8135348558425903, 0.8172305226325989, 0.8203839659690857, 0.8231104612350464, 0.8261097073554993], "val_accuracy": 0.9961680173873901, "val_dice_score": 0.8364030718803406, "val_specificity": 0.996999979019165, "val_sensitivity": 0.9216840863227844, "val_precision": 0.7688444256782532, "val_mae": 0.00382810621522367, "segmentation_ratio": null, "mode": "image"}