{"epochs": 20, "actual_epochs": 20, "learning_rate": 1e-05, "batch_size": 32, "min_delta": 1e-08, "patience": 10, "time_taken": "3:53:35", "loss_history": [0.2347601056098938, 0.23124083876609802, 0.23028403520584106, 0.2297229766845703, 0.22934888303279877, 0.2290828377008438, 0.22888636589050293, 0.22873389720916748, 0.22860266268253326, 0.2284979373216629, 0.22840574383735657, 0.22832165658473969, 0.22825509309768677, 0.22819849848747253, 0.22814224660396576, 0.22809863090515137, 0.22805330157279968, 0.2280149906873703, 0.22797727584838867, 0.22794145345687866], "dsc_history": [0.5510387420654297, 0.6699813604354858, 0.7107464671134949, 0.7372875213623047, 0.7551817893981934, 0.7693150043487549, 0.7790501713752747, 0.787108302116394, 0.7947814464569092, 0.8004788756370544, 0.8061587810516357, 0.8108018040657043, 0.8153420686721802, 0.8187294006347656, 0.8223520517349243, 0.8249368667602539, 0.8280494809150696, 0.8305390477180481, 0.8329206705093384, 0.8355312943458557], "val_accuracy": 0.995978832244873, "val_dice_score": 0.8396271467208862, "val_specificity": 0.9963108897209167, "val_sensitivity": 0.9665097594261169, "val_precision": 0.7440177202224731, "val_mae": 0.00401263264939189, "segmentation_ratio": null, "mode": "image"}