{"epochs": 20, "actual_epochs": 20, "learning_rate": 1e-05, "batch_size": 32, "min_delta": 1e-08, "patience": 10, "time_taken": "3:46:43", "loss_history": [0.1635327935218811, 0.102286696434021, 0.0826893225312233, 0.07183293253183365, 0.0650230124592781, 0.06025417894124985, 0.056781888008117676, 0.05396868288516998, 0.051663435995578766, 0.049845363944768906, 0.048232268542051315, 0.04684455692768097, 0.04557088389992714, 0.0445120632648468, 0.04345480352640152, 0.04255365580320358, 0.04171794652938843, 0.04096022993326187, 0.040231987833976746, 0.03961558640003204], "dsc_history": [0.6517487168312073, 0.8117759823799133, 0.848444938659668, 0.8679406046867371, 0.8795283436775208, 0.8879353404045105, 0.8938174247741699, 0.8986489176750183, 0.9025883674621582, 0.9058326482772827, 0.9087868928909302, 0.9111291170120239, 0.9135286808013916, 0.9154411554336548, 0.9172640442848206, 0.9188508987426758, 0.9204339385032654, 0.9216725826263428, 0.9231326580047607, 0.9242756962776184], "val_accuracy": 0.9979928135871887, "val_dice_score": 0.9108054637908936, "val_specificity": 0.9986708760261536, "val_sensitivity": 0.9363788366317749, "val_precision": 0.8870325684547424, "val_mae": 0.0020028476137667894, "segmentation_ratio": null, "mode": "image"}