{"epochs": 20, "actual_epochs": 20, "learning_rate": 1e-05, "batch_size": 32, "min_delta": 1e-08, "patience": 10, "time_taken": "3:39:39", "loss_history": [0.8257910013198853, 0.7906656265258789, 0.7766762971878052, 0.7674717903137207, 0.7607090473175049, 0.755824089050293, 0.7520340085029602, 0.7489283084869385, 0.7462724447250366, 0.7440049052238464, 0.7421377301216125, 0.7404590845108032, 0.7389233112335205, 0.7375143766403198, 0.73621666431427, 0.7350775003433228, 0.7340161800384521, 0.7330781817436218, 0.7320914268493652, 0.7313246726989746], "dsc_history": [0.6494752168655396, 0.7708715200424194, 0.8109751343727112, 0.8332408666610718, 0.8472690582275391, 0.8569332361221313, 0.8640921711921692, 0.870086669921875, 0.8752393126487732, 0.8794154524803162, 0.8831468224525452, 0.886111855506897, 0.8892961144447327, 0.8918453454971313, 0.8942455053329468, 0.8962834477424622, 0.8985475301742554, 0.9002156257629395, 0.9020465016365051, 0.9037199020385742], "val_accuracy": 0.997504472732544, "val_dice_score": 0.8900684118270874, "val_specificity": 0.9983639717102051, "val_sensitivity": 0.9200106263160706, "val_precision": 0.862726628780365, "val_mae": 0.0024901442229747772, "segmentation_ratio": null, "mode": "image"}