{"epochs": 20, "actual_epochs": 20, "learning_rate": 1e-05, "batch_size": 32, "min_delta": 1e-08, "patience": 10, "time_taken": "3:39:48", "loss_history": [0.018194638192653656, 0.010539818555116653, 0.008441245183348656, 0.007307913154363632, 0.0065884459763765335, 0.006089193746447563, 0.005720494315028191, 0.005443368572741747, 0.00520657654851675, 0.005020498298108578, 0.004854907281696796, 0.004710988141596317, 0.004594783764332533, 0.004477247595787048, 0.004375114571303129, 0.0042810444720089436, 0.004196091555058956, 0.004118107259273529, 0.004046442918479443, 0.003982245922088623], "dsc_history": [0.6538975834846497, 0.8085505962371826, 0.8461631536483765, 0.8660780191421509, 0.8782593011856079, 0.8869773745536804, 0.8931635022163391, 0.8978806734085083, 0.9020112752914429, 0.9052587747573853, 0.9082789421081543, 0.9107174873352051, 0.9128968715667725, 0.9149854183197021, 0.9167470335960388, 0.9184086322784424, 0.9199841022491455, 0.9213204383850098, 0.9227118492126465, 0.9238871335983276], "val_accuracy": 0.9980787038803101, "val_dice_score": 0.9092473983764648, "val_specificity": 0.999376654624939, "val_sensitivity": 0.8806111812591553, "val_precision": 0.9404478073120117, "val_mae": 0.001917117042466998, "segmentation_ratio": null, "mode": "image"}