{"epochs": 20, "actual_epochs": 20, "learning_rate": 1e-05, "batch_size": 32, "min_delta": 1e-08, "patience": 10, "time_taken": "3:39:32", "loss_history": [0.9180240035057068, 0.8983388543128967, 0.8906186819076538, 0.8855066895484924, 0.8820021152496338, 0.8793322443962097, 0.8770869970321655, 0.8752593398094177, 0.8735302090644836, 0.8721857666969299, 0.8708858489990234, 0.8699207901954651, 0.8687282204627991, 0.8679379224777222, 0.8669165372848511, 0.8661998510360718, 0.8654083013534546, 0.8646555542945862, 0.8640155792236328, 0.8635271191596985], "dsc_history": [0.5329622626304626, 0.6531967520713806, 0.6967597007751465, 0.7255128622055054, 0.7437096834182739, 0.7588398456573486, 0.7706237435340881, 0.7807216048240662, 0.7877155542373657, 0.7950576543807983, 0.8012343049049377, 0.8043513298034668, 0.8096702098846436, 0.8125782012939453, 0.81746906042099, 0.8220138549804688, 0.8257572650909424, 0.8276932239532471, 0.828881025314331, 0.8324489593505859], "val_accuracy": 0.9961855411529541, "val_dice_score": 0.8248150944709778, "val_specificity": 0.9979267716407776, "val_sensitivity": 0.8421351313591003, "val_precision": 0.8124157190322876, "val_mae": 0.0038075458724051714, "segmentation_ratio": null, "mode": "image"}