{"epochs": 20, "actual_epochs": 20, "learning_rate": 1e-05, "batch_size": 32, "min_delta": 1e-08, "patience": 10, "time_taken": "3:39:33", "loss_history": [0.8039090633392334, 0.7614696025848389, 0.7460039854049683, 0.7362828850746155, 0.7295303344726562, 0.7242246866226196, 0.7197522521018982, 0.7163110375404358, 0.7132106423377991, 0.7104832530021667, 0.7081171274185181, 0.7060812711715698, 0.7041172385215759, 0.7022609710693359, 0.7006017565727234, 0.6992303133010864, 0.6976906061172485, 0.6963079571723938, 0.6951855421066284, 0.6939502954483032], "dsc_history": [0.5634328126907349, 0.689446210861206, 0.7310572266578674, 0.755981981754303, 0.7721759676933289, 0.7854297757148743, 0.7953386306762695, 0.8052290678024292, 0.8108075857162476, 0.8187028169631958, 0.8235944509506226, 0.8267461061477661, 0.8322659134864807, 0.8369007110595703, 0.839095413684845, 0.8428735733032227, 0.8448429107666016, 0.8479143977165222, 0.850009560585022, 0.8516806364059448], "val_accuracy": 0.9966344833374023, "val_dice_score": 0.8474200963973999, "val_specificity": 0.9978703856468201, "val_sensitivity": 0.886559009552002, "val_precision": 0.8156712055206299, "val_mae": 0.0033622325863689184, "segmentation_ratio": null, "mode": "image"}