{"epochs": 20, "actual_epochs": 20, "learning_rate": 1e-05, "batch_size": 32, "min_delta": 1e-08, "patience": 10, "time_taken": "3:41:25", "loss_history": [0.001970538403838873, 0.0011505666188895702, 0.0009197391336783767, 0.000794946972746402, 0.0007166722207330167, 0.0006615950260311365, 0.0006233842577785254, 0.0005922638811171055, 0.0005666343495249748, 0.0005454476922750473, 0.00052727508591488, 0.0005127129843458533, 0.0004987963475286961, 0.0004871329292654991, 0.0004758387804031372, 0.00046591105638071895, 0.0004572405887302011, 0.00044862343929708004, 0.0004408954700920731, 0.000434236106229946], "dsc_history": [0.5197337865829468, 0.74225252866745, 0.7982072234153748, 0.8268565535545349, 0.8439909219741821, 0.8561356067657471, 0.8643436431884766, 0.8710266947746277, 0.8765207529067993, 0.8812131881713867, 0.8852720856666565, 0.888167142868042, 0.891473650932312, 0.8939353227615356, 0.8963823914527893, 0.8983913660049438, 0.9003826379776001, 0.9021689891815186, 0.9039748311042786, 0.9054291248321533], "val_accuracy": 0.9980477690696716, "val_dice_score": 0.9076215624809265, "val_specificity": 0.9993906617164612, "val_sensitivity": 0.8768322467803955, "val_precision": 0.9412510395050049, "val_mae": 0.001947986427694559, "segmentation_ratio": null, "mode": "image"}