{"epochs": 20, "actual_epochs": 20, "learning_rate": 1e-05, "batch_size": 32, "min_delta": 1e-08, "patience": 10, "time_taken": "3:39:18", "loss_history": [0.023357070982456207, 0.013470280915498734, 0.010708708316087723, 0.009204060770571232, 0.00826350785791874, 0.007608351297676563, 0.007146125193685293, 0.006783251650631428, 0.006477559916675091, 0.006228715647011995, 0.006025178823620081, 0.005843253806233406, 0.005683169234544039, 0.005543760024011135, 0.0054100980050861835, 0.005295408423990011, 0.00518601480871439, 0.005088225472718477, 0.004995313007384539, 0.004918677266687155], "dsc_history": [0.6708993315696716, 0.811218798160553, 0.8469939231872559, 0.8663763403892517, 0.8782777190208435, 0.8867002725601196, 0.8926056027412415, 0.8973416090011597, 0.9012963175773621, 0.904786229133606, 0.9076173901557922, 0.9100283980369568, 0.9123018980026245, 0.914274275302887, 0.9161047339439392, 0.9176626801490784, 0.9192895889282227, 0.9206047654151917, 0.9219962358474731, 0.9231208562850952], "val_accuracy": 0.9976320862770081, "val_dice_score": 0.8979699015617371, "val_specificity": 0.998071014881134, "val_sensitivity": 0.9576878547668457, "val_precision": 0.8462306261062622, "val_mae": 0.002362854778766632, "segmentation_ratio": null, "mode": "image"}