{"epochs": 20, "actual_epochs": 20, "learning_rate": 1e-05, "batch_size": 32, "min_delta": 1e-08, "patience": 10, "time_taken": "3:33:45", "loss_history": [0.008915496990084648, 0.0050136856734752655, 0.0038956445641815662, 0.0034465142525732517, 0.003110891440883279, 0.002864810638129711, 0.0018351506441831589, 0.002749035367742181, 0.002487227087840438, 0.0023008387070149183, 0.00230648391880095, 0.0022318270057439804, 0.002172070788219571, 0.0012300334637984633, 0.002095860429108143, 0.0002052364288829267, 0.0014157573459669948, 0.002084751147776842, 0.0010369679657742381, 0.0020405324175953865], "dsc_history": [0.6372356414794922, 0.8028252124786377, 0.8425296545028687, 0.8633124828338623, 0.8759090304374695, 0.8847702741622925, 0.8912484049797058, 0.89208984375, 0.899226188659668, 0.9026943445205688, 0.9056786894798279, 0.9084500074386597, 0.911039412021637, 0.9131114482879639, 0.9119872450828552, 0.916877269744873, 0.9100929498672485, 0.9164681434631348, 0.9196585416793823, 0.9180821180343628], "val_accuracy": 0.9979363083839417, "val_dice_score": 0.907264232635498, "val_specificity": 0.9987663626670837, "val_sensitivity": 0.9226526021957397, "val_precision": 0.8928836584091187, "val_mae": 0.002059196587651968, "segmentation_ratio": null, "mode": "image"}