{"epochs": 20, "actual_epochs": 20, "learning_rate": 1e-05, "batch_size": 32, "min_delta": 1e-08, "patience": 10, "time_taken": "3:45:47", "loss_history": [0.9911603331565857, 0.7153311371803284, 0.5977624654769897, 0.5330902338027954, 0.4915344715118408, 0.46073418855667114, 0.4398566484451294, 0.42162197828292847, 0.4074690639972687, 0.39508169889450073, 0.38450098037719727, 0.3757919669151306, 0.3664088547229767, 0.3598637282848358, 0.3529750108718872, 0.3468708097934723, 0.34120145440101624, 0.33709394931793213, 0.3319772779941559, 0.32679563760757446], "dsc_history": [0.5667041540145874, 0.8146934509277344, 0.8540338277816772, 0.8730287551879883, 0.8845130801200867, 0.8927664160728455, 0.8982867002487183, 0.9030023217201233, 0.9066106081008911, 0.9097999334335327, 0.912477970123291, 0.9146519303321838, 0.9170244336128235, 0.918687105178833, 0.9203507304191589, 0.9219030141830444, 0.9232876896858215, 0.924271285533905, 0.9255666732788086, 0.9268310070037842], "val_accuracy": 0.9981271624565125, "val_dice_score": 0.9155729413032532, "val_specificity": 0.9988955855369568, "val_sensitivity": 0.9281994104385376, "val_precision": 0.9036500453948975, "val_mae": 0.001868818188086152, "segmentation_ratio": null, "mode": "image"}