{"epochs": 20, "actual_epochs": 20, "learning_rate": 1e-05, "batch_size": 32, "min_delta": 1e-08, "patience": 10, "time_taken": "3:40:44", "loss_history": [0.40872326493263245, 0.34168994426727295, 0.3224540948867798, 0.3107123374938965, 0.3020886182785034, 0.29579228162765503, 0.2905402183532715, 0.2862792909145355, 0.28260090947151184, 0.27963194251060486, 0.2767494320869446, 0.2742554843425751, 0.2719770073890686, 0.2700745463371277, 0.26817893981933594, 0.2666425108909607, 0.26492539048194885, 0.2636333107948303, 0.26239013671875, 0.2612897753715515], "dsc_history": [0.6037606000900269, 0.738206684589386, 0.7788400650024414, 0.8020381927490234, 0.818206250667572, 0.8300430178642273, 0.8395822048187256, 0.846784234046936, 0.8531192541122437, 0.8584564924240112, 0.8635706305503845, 0.8677111268043518, 0.8713799118995667, 0.8745529651641846, 0.8776435852050781, 0.879977285861969, 0.8828126192092896, 0.8847158551216125, 0.8869588971138, 0.8887947797775269], "val_accuracy": 0.9973750710487366, "val_dice_score": 0.8820182681083679, "val_specificity": 0.9985594153404236, "val_sensitivity": 0.8906216025352478, "val_precision": 0.8744847774505615, "val_mae": 0.0026192269288003445, "segmentation_ratio": null, "mode": "image"}