{"epochs": 20, "actual_epochs": 20, "learning_rate": 1e-05, "batch_size": 32, "min_delta": 1e-08, "patience": 10, "time_taken": "3:39:43", "loss_history": [0.7612195014953613, 0.7218084335327148, 0.7076352834701538, 0.6991531848907471, 0.6929211020469666, 0.6881903409957886, 0.6843950748443604, 0.6812494993209839, 0.6785913109779358, 0.6763337850570679, 0.6742175817489624, 0.6724063158035278, 0.6706171631813049, 0.6688522696495056, 0.6675808429718018, 0.6661932468414307, 0.6650032997131348, 0.6640298366546631, 0.662878155708313, 0.6619626879692078], "dsc_history": [0.5527915358543396, 0.6775385141372681, 0.7191110849380493, 0.7440647482872009, 0.7637381553649902, 0.7781155705451965, 0.7879359722137451, 0.7963640689849854, 0.8030035495758057, 0.808851957321167, 0.8157005906105042, 0.8202199935913086, 0.8237499594688416, 0.8291290402412415, 0.8320673704147339, 0.8351514935493469, 0.8376607298851013, 0.8413339853286743, 0.8435385823249817, 0.8454834222793579], "val_accuracy": 0.9964740872383118, "val_dice_score": 0.8403858542442322, "val_specificity": 0.997905433177948, "val_sensitivity": 0.8695415258407593, "val_precision": 0.8164475560188293, "val_mae": 0.0035215583629906178, "segmentation_ratio": null, "mode": "image"}