{"epochs": 20, "actual_epochs": 20, "learning_rate": 1e-05, "batch_size": 32, "min_delta": 1e-08, "patience": 10, "time_taken": "3:39:17", "loss_history": [0.379501610994339, 0.25306835770606995, 0.2458612024784088, 0.23862585425376892, 0.23460212349891663, 0.2261892557144165, 0.2238522469997406, 0.21824337542057037, 0.22154763340950012, 0.2168007493019104, 0.21252457797527313, 0.20834796130657196, 0.206015482544899, 0.20592603087425232, 0.20530593395233154, 0.19982387125492096, 0.1972184032201767, 0.19760824739933014, 0.19627586007118225, 0.1949583739042282], "dsc_history": [0.5446066856384277, 0.6191800832748413, 0.6328408718109131, 0.6472023725509644, 0.654600977897644, 0.6746093034744263, 0.6779024004936218, 0.6904249787330627, 0.6825368404388428, 0.6912859678268433, 0.7007732391357422, 0.7100467085838318, 0.7123879790306091, 0.7136287093162537, 0.7160661220550537, 0.7276246547698975, 0.7317841053009033, 0.7322055101394653, 0.7354717254638672, 0.7371212244033813], "val_accuracy": 0.9947371482849121, "val_dice_score": 0.7382770776748657, "val_specificity": 0.9983479976654053, "val_sensitivity": 0.6757574677467346, "val_precision": 0.8239314556121826, "val_mae": 0.005251448601484299, "segmentation_ratio": null, "mode": "image"}