{"epochs": 20, "actual_epochs": 20, "learning_rate": 1e-05, "batch_size": 32, "min_delta": 1e-08, "patience": 10, "time_taken": "3:40:35", "loss_history": [0.33430585265159607, 0.2155466079711914, 0.20771029591560364, 0.2064555436372757, 0.19984221458435059, 0.19504031538963318, 0.19396665692329407, 0.19398143887519836, 0.18758678436279297, 0.18568500876426697, 0.18712109327316284, 0.17974355816841125, 0.1807769238948822, 0.17858116328716278, 0.17793011665344238, 0.17302685976028442, 0.17286139726638794, 0.17333289980888367, 0.17286017537117004, 0.1733880341053009], "dsc_history": [0.527921736240387, 0.5856024026870728, 0.5965287089347839, 0.598162829875946, 0.6118505597114563, 0.6223336458206177, 0.6237374544143677, 0.6215420961380005, 0.6329931020736694, 0.6376599669456482, 0.6374726295471191, 0.6479442119598389, 0.6454932689666748, 0.6533779501914978, 0.6535010933876038, 0.6610826253890991, 0.6667624711990356, 0.6610926985740662, 0.6667042970657349, 0.6644560098648071], "val_accuracy": 0.993044376373291, "val_dice_score": 0.6858974695205688, "val_specificity": 0.9965118765830994, "val_sensitivity": 0.6883081197738647, "val_precision": 0.6930645704269409, "val_mae": 0.006940559018403292, "segmentation_ratio": null, "mode": "image"}