{"epochs": 20, "actual_epochs": 20, "learning_rate": 1e-05, "batch_size": 32, "min_delta": 1e-08, "patience": 10, "time_taken": "3:40:28", "loss_history": [0.37474313378334045, 0.25622621178627014, 0.2457917183637619, 0.24114838242530823, 0.23122753202915192, 0.2277730256319046, 0.22403886914253235, 0.2187146246433258, 0.21788041293621063, 0.2144489884376526, 0.2086087018251419, 0.20734362304210663, 0.20427671074867249, 0.2039632797241211, 0.20069549977779388, 0.1959122270345688, 0.19520306587219238, 0.19346792995929718, 0.19084219634532928, 0.19198563694953918], "dsc_history": [0.5365325212478638, 0.6108253002166748, 0.6295429468154907, 0.6400599479675293, 0.6630547046661377, 0.6679546236991882, 0.6735813021659851, 0.6857796311378479, 0.6889449954032898, 0.6987172365188599, 0.7084019780158997, 0.7116066813468933, 0.7162848711013794, 0.7187247276306152, 0.7257857322692871, 0.7359948754310608, 0.7373365163803101, 0.7398888468742371, 0.7463351488113403, 0.7434463500976562], "val_accuracy": 0.9945639371871948, "val_dice_score": 0.7541639804840088, "val_specificity": 0.9972108602523804, "val_sensitivity": 0.760361909866333, "val_precision": 0.7564911842346191, "val_mae": 0.005424225702881813, "segmentation_ratio": null, "mode": "image"}