{"epochs": 20, "actual_epochs": 20, "learning_rate": 1e-05, "batch_size": 32, "min_delta": 1e-08, "patience": 10, "time_taken": "6:11:38", "loss_history": [0.09623256325721741, 2.5272453058278188e-05, 2.0239012883394025e-06, 1.9014971996966779e-07, 1.9146568774885964e-08, 2.208841554107721e-09, 3.6189601315683717e-10, 9.910117865219448e-11, 4.130538966418129e-11, 2.2568719462712217e-11, 1.48816098333171e-11, 1.1063393257071397e-11, 8.864601760971702e-12, 7.4016669529553e-12, 6.425877191462703e-12, 5.662565034925127e-12, 5.099568337052496e-12, 4.6320447477654625e-12, 4.232075627441656e-12, 3.938895650618113e-12], "dsc_history": [6.0289166867733e-05, 6.005284740240313e-05, 0.0, 6.005284740240313e-05, 6.005284740240313e-05, 6.005284740240313e-05, 6.005284740240313e-05, 6.005284740240313e-05, 0.00012010569480480626, 6.005284740240313e-05, 6.005284740240313e-05, 0.0, 6.005284740240313e-05, 6.005284740240313e-05, 0.0, 6.005284740240313e-05, 6.005284740240313e-05, 0.00012010569480480626, 6.005284740240313e-05, 0.0], "val_accuracy": 0.9887122511863708, "val_dice_score": 0.0022371364757418633, "val_specificity": 1.0, "val_sensitivity": 0.0022371364757418633, "val_precision": 1.0, "val_mae": 0.011263279244303703, "segmentation_ratio": null, "mode": "image"}