{"epochs": 20, "actual_epochs": 20, "learning_rate": 1e-05, "batch_size": 32, "min_delta": 1e-08, "patience": 10, "time_taken": "3:39:54", "loss_history": [0.7580770254135132, 0.48739194869995117, 0.23395897448062897, 0.22963574528694153, 0.22808077931404114, 0.22485637664794922, 0.22181443870067596, 0.22002436220645905, 0.21708637475967407, 0.2219594568014145, 0.21431078016757965, 0.2131689339876175, 0.21097426116466522, 0.21070432662963867, 0.21168193221092224, 0.20933547616004944, 0.20791444182395935, 0.20713329315185547, 0.20760220289230347, 0.20389309525489807], "dsc_history": [0.5591945648193359, 0.6666178107261658, 0.6981821656227112, 0.7024853229522705, 0.7031605243682861, 0.7120301723480225, 0.7154707908630371, 0.721562385559082, 0.7232385277748108, 0.7137820720672607, 0.7301896214485168, 0.7318882346153259, 0.7368795871734619, 0.7346353530883789, 0.7315765023231506, 0.7403482794761658, 0.7427368760108948, 0.7430399656295776, 0.7412413358688354, 0.7491079568862915], "val_accuracy": 0.9949341416358948, "val_dice_score": 0.7570295929908752, "val_specificity": 0.9980695247650146, "val_sensitivity": 0.7177532315254211, "val_precision": 0.8096320033073425, "val_mae": 0.00505488459020853, "segmentation_ratio": null, "mode": "image"}