{"epochs": 20, "actual_epochs": 20, "learning_rate": 1e-05, "batch_size": 32, "min_delta": 1e-08, "patience": 10, "time_taken": "3:39:58", "loss_history": [23.01534652709961, 17.25157356262207, 15.5476655960083, 14.559771537780762, 13.88437271118164, 13.3726224899292, 12.990272521972656, 12.661951065063477, 12.393795013427734, 12.16057014465332, 11.958320617675781, 11.78453254699707, 11.622928619384766, 11.482621192932129, 11.350946426391602, 11.22903823852539, 11.126059532165527, 11.021732330322266, 10.924001693725586, 10.839462280273438], "dsc_history": [0.565757691860199, 0.7953805327415466, 0.8381184935569763, 0.859651505947113, 0.8731043338775635, 0.8828160762786865, 0.8896567225456238, 0.89520263671875, 0.8997019529342651, 0.903595507144928, 0.9068963527679443, 0.9095726013183594, 0.9120739698410034, 0.9142662286758423, 0.916149914264679, 0.9179397821426392, 0.9194730520248413, 0.9208691120147705, 0.9224122166633606, 0.9236328601837158], "val_accuracy": 0.9981202483177185, "val_dice_score": 0.9133724570274353, "val_specificity": 0.9991380572319031, "val_sensitivity": 0.9058066010475159, "val_precision": 0.9216430187225342, "val_mae": 0.001875716377981007, "segmentation_ratio": null, "mode": "image"}