{"epochs": 20, "actual_epochs": 20, "learning_rate": 1e-05, "batch_size": 32, "min_delta": 1e-08, "patience": 10, "time_taken": "3:39:15", "loss_history": [0.20109617710113525, 0.11304084211587906, 0.0840289294719696, 0.06772949546575546, 0.05777323991060257, 0.05102860927581787, 0.04638879746198654, 0.04282878339290619, 0.04011506214737892, 0.03797769919037819, 0.03613261133432388, 0.03527449071407318, 0.03330545872449875, 0.03262565657496452, 0.03153746575117111, 0.030811864882707596, 0.029686979949474335, 0.029054708778858185, 0.02826806902885437, 0.027646180242300034], "dsc_history": [0.3168400526046753, 0.4560433328151703, 0.5343831181526184, 0.5892168283462524, 0.6268994808197021, 0.6557170152664185, 0.6767301559448242, 0.6938338279724121, 0.7072939276695251, 0.718610942363739, 0.7290316820144653, 0.734183669090271, 0.7443272471427917, 0.7479919195175171, 0.7545051574707031, 0.7585419416427612, 0.7653036117553711, 0.7689299583435059, 0.7740001678466797, 0.7779550552368164], "val_accuracy": 0.9910441637039185, "val_dice_score": 0.707995593547821, "val_specificity": 0.9909815788269043, "val_sensitivity": 0.9969174265861511, "val_precision": 0.551496148109436, "val_mae": 0.008942143060266972, "segmentation_ratio": null, "mode": "image"}